P%,GF/GP,GA/GP,Net PP%,Net PK%,Shots/GP,SA/GP,WinStanleyCup
0.799,3.96,2.21,19.3,92.8,32.3,24.2,0
0.806,4.49,2.29,31.4,85.3,32.8,25.9,1
0.78,3.89,2.7,27.1,89.5,32,32.1,0
0.756,3.67,2.51,20,87,34.1,26.6,0
0.738,3.82,2.77,22.7,80.1,32.8,30.9,0
0.732,3.02,2.33,19.9,85.9,30.6,28.4,0
0.744,5.58,3.93,21.4,89.2,32.6,33,1
0.744,5.33,3.88,21.2,87.7,33.1,34.7,0
0.708,4.37,3.19,19.6,87.9,32.4,30.7,0
0.72,3.18,2.16,21.9,85.7,30.4,27.8,0
0.738,4.81,3.13,26.7,84.8,30.9,30.1,1
0.72,3.29,2.34,19,86,29.2,25.1,1
0.713,3.15,2.2,23.7,87.5,32,30.1,0
0.713,3.15,2.09,19.1,87.1,31.9,29.1,0
0.731,4.43,2.83,23.2,85,34.6,25.7,1
0.713,3.18,2.49,19.4,85.3,32.2,32.4,0
0.713,3.06,2.43,21.1,87.3,33.2,27.2,0
0.707,3.21,2.48,13.1,85.9,31.3,28.7,0
0.707,3.29,2.32,21.4,85,30.3,30.8,0
0.707,3.06,2.28,18.4,88.6,31,26.3,1
0.725,4.48,2.68,29.6,82.6,28.8,28.9,0
0.725,4.09,3.18,13.7,82.8,33.8,27.7,0
0.701,3.07,2.18,18.9,85.4,34.4,23.5,1
0.719,3.94,2.73,17.6,84.1,30.9,26.5,0
0.719,4.21,2.55,25.4,86.9,32.2,25.4,1
0.695,3.33,2.63,20.8,85,32.2,31.9,0
0.695,3.02,2.01,17,91.6,29.8,22.1,0
0.695,2.88,2.05,17.8,88.4,27.6,24,1
0.689,3.54,2.85,22.8,79.5,32.7,32.7,0
0.706,4.35,3.01,20.3,85.9,33.7,29.8,0
0.689,3.02,2.28,14.2,88.1,31.5,29.5,0
0.689,3.63,2.9,14.3,83.4,29.5,31,0
0.689,3.8,2.5,18.6,89.9,34.3,28.6,0
0.689,3.21,2.22,19.2,86.1,29.8,24.8,0
0.689,3.13,2.55,18.1,87.5,31.7,31.4,0
0.706,4.16,2.73,19.4,84.5,30.3,22.5,0
0.689,3.07,2.33,14.3,87.5,33.8,24.6,0
0.683,3.09,2.65,16.3,85.7,28.5,25.6,0
0.683,3.49,3.15,15.4,85.6,31.1,30.5,1
0.683,2.99,2.63,19.4,81.9,29.5,32.7,0
0.683,3.2,2.48,16.3,90.2,34.1,25.1,1
0.667,3.56,2.75,21.8,89.2,34.2,27.7,1
0.683,3.52,2.93,24.4,80.1,36.2,27.7,0
0.683,3.26,2.57,19.7,87.4,33,29.3,0
0.677,2.91,2.29,17.7,87.7,29.3,26.4,0
0.677,2.91,2.35,15.1,88.6,34.8,27.8,0
0.677,2.94,2.33,18.4,88.5,31.5,30.8,0
0.677,3.39,2.79,20.4,81.7,33.5,32.6,1
0.677,3.09,2.46,20.3,88.3,32.3,27.1,0
0.677,3.6,2.38,21,87.5,31.6,24.7,0
0.694,4.18,2.63,28.8,86.1,31.1,28.2,0
0.694,5.21,3.69,23.2,85,33.6,31.7,0
0.677,2.99,2.06,17.1,88.2,30.1,25.3,0
0.688,4.19,3.01,21.3,86.9,34.1,28.9,0
0.671,3.37,2.85,17.6,88.8,30.6,30.5,0
0.671,3.24,2.52,16.9,87.9,27.6,31.2,0
0.671,2.61,2.24,14.8,86.4,28.5,30.1,0
0.688,4.09,2.85,20.9,83.3,30.9,24.8,0
0.688,4.44,3.25,27.4,84.5,30.2,30.2,1
0.671,3.28,2.48,22.6,88.3,29.8,28.8,0
0.671,3.1,2.41,21.4,86.1,31.5,27.4,1
0.688,3.98,2.51,22.9,83.7,29.3,24,0
0.665,2.71,2.22,14.3,89.2,28.5,27.8,0
0.665,2.95,2.49,21.2,86.6,29.9,28.8,0
0.665,2.91,2.4,20.3,84.4,30.9,27.2,0
0.665,2.78,2.7,13.2,84.3,30,28.9,0
0.649,3.95,3.19,19.1,87.7,34.4,26.1,0
0.665,3.27,2.74,19,84.8,32.8,30.7,0
0.665,2.93,2.59,15,78.2,30.6,31.4,0
0.665,3.23,2.78,16.4,86.3,32,28.9,0
0.681,5.01,3.73,24,85.5,32.4,32.9,1
0.665,2.95,2.04,17.7,91.2,26.8,22.8,0
0.665,2.51,1.89,15.6,88.3,30.6,26.7,0
0.665,3.34,2.5,17.3,89.2,30.2,27.3,0
0.665,3.11,2.3,18.5,91.5,30.3,26.2,0
0.681,4.5,2.79,22.6,83.2,33.8,27.5,0
0.659,3.33,2.66,16.3,91.9,33.9,27.4,0
0.659,3.16,2.51,16.7,86.4,29.6,27.9,0
0.659,3.27,2.93,22,82.4,33.5,29.5,0
0.659,3.01,2.35,19,87,31,30.4,0
0.659,2.63,2.28,16.3,88.1,29.6,24.2,0
0.659,3.39,2.56,18.6,90.7,32,26.5,0
0.659,2.63,2.02,10.6,90.5,31.7,23.6,1
0.652,3.12,2.4,21.5,85.5,28.6,26.2,0
0.652,2.65,2.35,17.1,85.2,28,25.4,0
0.652,2.57,2.39,12.4,85.5,30.5,29.6,0
0.652,3.52,2.72,16.7,87,32.4,28.1,0
0.669,3.94,3.4,21.2,84.7,30.3,27.7,0
0.652,3.13,2.59,19.9,82.8,32.7,29.5,0
0.652,3.38,2.5,17.6,91.7,32,30.2,0
0.652,2.51,2.35,14.7,86.7,28.7,28.4,0
0.652,2.67,2.4,19.4,86.6,30.2,29.7,0
0.652,2.74,2.02,16.2,88,29.3,23.7,0
0.652,2.67,2.33,15.6,88,31.3,29,0
0.669,4.1,3,26.8,82.2,31.6,27.7,0
0.652,3.18,2.59,17.1,85.1,33.1,27.2,0
0.669,4.4,3.51,20.8,86.7,30.4,31.8,0
0.652,2.57,2.02,11.9,87.6,30.9,24.6,0
0.646,2.9,2.52,17.6,83.6,32.9,29.5,0
0.663,4.65,3.55,19.8,87.6,29.5,29.6,1
0.646,3.21,2.51,19.6,85.3,30.8,30.1,0
0.646,3.09,2.73,15.8,86.9,29,32.5,0
0.663,3.55,2.64,19.6,88.5,32.1,27.7,0
0.663,4.08,3,19.2,86.3,34.5,26.4,0
0.646,2.78,2.39,13.8,90.1,31.5,28.7,0
0.646,2.94,2.28,17.7,88.2,25.6,24.9,0
0.631,3.32,2.74,16.5,86.3,32.2,27.3,0
0.663,5.3,3.94,27.2,83.1,33.3,32.4,0
0.646,3.12,2.63,14.9,86.9,31.8,30.1,0
0.631,3.64,2.62,15.9,83.8,31.6,29,0
0.646,2.99,2.34,15,90.3,30,25.4,1
0.656,4.01,3.08,17.8,88.4,32.9,31.8,0
0.64,3.12,2.9,19.3,81.8,29,31.9,1
0.64,2.65,2.4,15.2,88.1,29.3,29.2,0
0.64,3.29,2.8,22.8,83.1,32.2,33.9,0
0.656,4.96,3.81,25.6,85.2,33.3,29.7,0
0.64,3.49,2.63,14.9,88.8,32.3,30.2,0
0.64,2.96,2.54,21.1,81.8,34.5,28.9,0
0.64,3.26,2.93,17.5,85.4,28.9,30.9,0
0.64,3.02,2.39,18.1,87.7,31.3,24.7,0
0.656,3.88,3.13,14.9,86.7,31.9,29.3,0
0.656,3.88,2.93,23,85.5,27.9,24.1,0
0.64,2.68,2.4,15.9,87.9,29.6,29.6,0
0.64,2.89,2.18,18.2,88.9,30.4,23.6,0
0.656,3.7,2.5,20.8,85.9,32.9,25.5,0
0.656,3.6,2.69,20.9,89,31,27.9,0
0.64,3.06,2.37,17.1,83.8,29.1,28.3,0
0.65,4.46,3.36,19.3,86.6,30.3,33.4,0
0.65,4.2,3.26,21.9,86.1,30,26.2,0
0.634,3.34,3.02,18.6,80.8,30.4,31.5,0
0.634,3.07,2.41,11.8,87,29.7,25.3,0
0.634,2.94,2.43,16.5,88.7,33.2,29.7,1
0.634,2.83,2.5,20,85.7,27.6,30.8,0
0.634,2.74,2.24,16.8,88.6,29.6,28.8,0
0.634,3.13,2.89,19.9,84,33.6,30.7,0
0.634,3.98,2.93,15.8,88.6,32.2,28.9,1
0.634,2.76,2.46,14.3,82.5,31.9,28.3,0
0.634,3.13,2.63,23.3,84.8,29.1,31.6,0
0.619,4.18,3.57,18.3,85.4,30,30.3,0
0.65,4.23,3.35,25.2,77.4,31.8,31.1,0
0.634,3.17,2.55,17.6,83.6,32.7,28.6,0
0.634,3.22,2.54,18.3,87.2,29.1,26.6,0
0.634,2.82,2.22,10.8,89.8,31.6,26.3,0
0.634,2.67,2.23,14,88.1,28,28.9,0
0.634,2.55,2.29,11.7,85.7,30.5,27.8,0
0.628,3.27,2.66,19.1,84.4,30.9,29.5,0
0.644,3.94,3.21,17.7,85.9,29.9,26.8,0
0.628,2.63,2.27,16.9,85.8,30,27,0
0.628,2.72,2.33,14.1,82.7,28.8,30.9,0
0.628,2.96,2.52,20.8,82.5,31.1,29.5,0
0.628,3.17,2.74,17,83.7,32.2,28.4,0
0.628,2.83,2.44,15.1,81.3,28.8,29.5,0
0.628,2.85,2.52,21.4,84.6,30.5,30.8,0
0.628,2.72,2.41,17,83.1,30,29.6,0
0.613,4.39,3.33,22.7,85.5,32.9,28.9,0
0.628,2.62,2.29,21.9,89.7,30.3,27.5,0
0.628,2.94,2.85,15.8,84.1,31.8,28.7,0
0.628,2.98,2.3,14.3,86.8,32.9,32.7,1
0.628,2.63,2.35,16.7,85.8,28,27.6,0
0.628,2.95,2.49,18,85.5,27.5,26.4,0
0.644,4.15,2.9,21.4,84.6,33.9,26.4,0
0.628,3.44,2.54,18,88.6,30.9,25.9,0
0.628,3.06,2.48,16.8,90.4,33.1,25.6,1
0.628,3.34,2.65,12.4,88.9,32.2,25.7,0
0.644,3.73,2.98,11.6,85.6,30,28.8,0
0.628,3.05,2.39,15.8,88.6,30.9,25.8,1
0.628,2.91,2.18,11.6,88,30.5,25.2,0
0.628,3.04,2.38,16.9,89.2,30.4,23.6,0
0.622,3.17,2.43,16.8,86.5,32.4,29.8,0
0.622,4.41,3.46,23.1,87.2,32.3,34.6,0
0.622,2.72,2.34,18.7,83.2,32,27.5,0
0.622,2.63,2.5,12.4,95.4,27.5,26.8,0
0.607,3.88,3.33,15.4,83.8,31.8,30,1
0.622,2.68,2.27,14.9,84.8,33.9,30.2,1
0.622,2.72,2.34,18.7,83.2,32,27.5,0
0.607,3.88,3.33,15.4,83.8,31.8,30,1
0.622,2.93,2.59,17.7,82.6,27.7,30.8,0
0.622,2.4,2.24,14.7,85.1,27.3,28,0
0.638,4.25,3.18,15.9,85.1,30.1,30.2,0
0.622,2.77,2.37,13.9,88.9,27.7,27.7,0
0.622,2.72,2.52,18.9,86.9,33.4,29.4,0
0.622,2.57,2.24,13.1,92.2,25.6,26.6,0
0.622,3.2,2.3,19.4,85.3,29.5,24.9,0
0.631,3.85,2.83,15.8,89.1,31.7,24.4,0
0.616,2.88,2.68,18.5,88,29.9,29.8,0
0.616,3.04,2.87,14.7,86.2,32.8,28.7,0
0.616,2.99,2.73,17.6,82.6,33.8,28.3,0
0.601,4.12,3.31,14.9,82.5,31.7,29.4,0
0.616,2.84,2.74,16.4,82.8,29.2,29.3,0
0.616,2.84,2.62,16.4,79.4,28.5,30.4,0
0.631,4.03,3,21.7,79.1,31.9,25.8,0
0.616,2.82,2.57,18.9,81.6,29.1,27.6,0
0.631,3.61,2.9,22.7,84.8,32.6,26.8,0
0.616,2.83,2.55,15.6,84.4,29.8,29.2,0
0.616,3.52,3.15,19.9,84.6,33,28.3,0
0.616,2.89,2.43,23.6,82.7,29.5,28.9,0
0.616,3.05,2.79,17.9,83.8,30.2,31.3,0
0.616,2.94,2.82,14.1,81.1,31.5,28.6,0
0.616,3.21,3.09,16.7,83.2,31.1,28.9,0
0.616,2.82,2.55,15.9,86.9,30.2,33.1,0
0.601,3.56,3.39,16.1,83.5,32.5,31.9,0
0.616,2.88,2.45,12,91.1,31.7,25.1,0
0.616,2.87,2.37,12.8,87.4,29,26.6,0
0.616,2.79,2.27,19.8,85.3,29.4,25.5,0
0.61,3.29,3.02,25,82.3,34.4,31.1,0
0.61,2.65,2.7,14.3,79.1,30.6,29.2,0
0.61,2.88,2.59,9.8,85.3,32.7,30,0
0.625,3.88,3.06,17.3,87.7,30.2,30.7,0
0.61,2.55,2.45,14.3,87.2,28.4,31,0
0.625,4.3,3.29,21.6,85.7,32.6,27.5,0
0.61,2.77,2.41,14.6,88,30.8,27.6,0
0.61,2.41,2.05,13,84.8,31.6,26.2,1
0.595,4.24,3.27,17.4,86.7,35.6,27.4,0
0.61,3.49,3.04,17.5,82.4,33.4,33.1,0
0.61,2.77,2.57,15.7,87.5,29.4,30.4,0
0.61,2.82,2.45,16.6,88,31.6,31.4,0
0.61,3.01,2.76,19.5,88.4,33,30.3,0
0.61,2.96,2.6,17.4,83.3,28.5,29.2,0
0.61,3,2.71,16.2,85.8,26.4,29.1,0
0.714,3.24,2.39,22.1,86.6,32.1,30,0
0.625,3.74,3.3,18.8,85.6,31.4,28,0
0.61,3.3,2.9,18,85.1,33.3,33.3,0
0.61,3.05,2.57,16.8,84.6,29.9,28.8,0
0.61,2.93,2.52,13.1,86,29.9,26.1,0
0.61,3.04,2.52,13.8,87.2,28.5,24.9,0
0.625,3.95,3.38,20,76.8,28.1,24.8,0
0.61,2.6,2,14.7,88.4,29.7,24.4,0
0.61,2.82,2.57,21.1,81.9,29.6,28.3,0
0.61,2.88,2.41,16.5,85.7,29.4,28.4,0
0.604,3.29,2.96,22,83.2,31.2,33.4,0
0.604,2.87,2.84,21.1,83.6,28.5,32.3,0
0.604,2.84,2.63,19.2,85.9,28.4,28.4,0
0.604,2.96,2.7,14.6,84.9,34.4,28.6,0
0.604,2.67,2.44,14.2,84,29.9,27.7,0
0.604,2.41,2.35,13.4,84.7,28.8,27.5,0
0.604,2.98,2.68,18.1,83.6,31.8,28.6,1
0.604,2.59,2.06,16,89.2,27.5,26.5,0
0.604,3.15,2.84,13.6,84.7,29,30.3,1
0.604,3.17,2.83,22.2,87,29.8,32.5,0
0.604,3.02,2.43,14.1,89.8,27.2,28.5,0
0.619,4.54,3.6,19.2,85.2,29.3,29.6,1
0.604,2.6,2.32,14.5,86.8,28.8,30.6,0
0.589,3.43,2.87,18.7,85,30.4,29,0
0.604,3.23,2.87,16,83.2,30.3,26.6,0
0.604,2.83,2.54,13.9,85.2,31,32.1,0
0.604,2.72,2.49,16,85.1,29.7,28.7,0
0.619,4.21,3.63,22.7,80.7,27.9,30.7,0
0.604,2.76,2.68,13.8,80.1,30.3,32.6,0
0.619,4.35,3.31,26.1,82.2,34.4,25.3,0
0.604,3.09,2.71,18.7,84.6,28.1,25,0
0.619,4.09,3.13,20.6,86.6,31,27.9,0
0.598,3.12,2.82,12.7,89,31.6,29.5,0
0.598,2.89,2.52,20,83.1,30.4,27.4,0
0.598,2.55,2.39,14,87,28.8,27.9,0
0.598,3.06,3,12.9,85.1,32.2,29.8,0
0.598,2.66,2.24,14.8,89.8,26.9,26.8,0
0.598,2.89,2.46,18.8,86.9,31,30.9,0
0.598,3.12,2.49,15.8,89.9,26.9,24.1,0
0.613,3.58,3.1,20.1,85.5,30.2,31.6,0
0.613,4.13,3.44,18.7,87.5,31,28.4,0
0.598,2.68,2.56,16,86.1,27,30.1,0
0.613,4.38,3.63,17.7,81,36.8,28.7,0
0.598,2.91,2.5,15.7,85.5,28,27.8,0
0.598,2.88,2.54,15.6,89.4,26.3,29.5,0
0.598,2.51,2.56,15.8,82.5,30,30.1,0
0.583,3.33,2.89,17.2,83.9,30.1,30.4,0
0.598,3.06,2.71,15.4,85.3,31.5,29.6,0
0.598,2.98,2.55,14.8,86.1,26.8,29.6,0
0.598,2.65,2.49,15,87,31.6,29.3,0
0.598,2.77,2.29,15.5,86.5,29,22.5,0
0.613,4,3.2,16.8,85.7,31,28,0
0.598,2.43,2.41,14.7,80.4,26.6,27.7,0
0.598,3.04,2.88,16.9,77.1,32.1,29.9,0
0.613,4.38,3.58,19.9,77.4,32.9,29.1,0
0.598,2.78,2.29,12.5,89.6,26.5,26.9,0
0.591,2.73,2.41,13.3,86.8,29.3,28.9,0
0.591,3.27,2.82,12.8,82.5,28.3,28.8,0
0.591,2.89,2.49,15.8,89.3,26.7,26.1,0
0.591,2.88,2.76,14.1,78,33.7,31.3,0
0.591,2.89,2.6,17.7,83.9,27.5,29.2,0
0.591,2.88,2.7,16.3,83.1,32.6,29.5,0
0.591,2.96,2.93,19.1,86.4,31.7,31.9,0
0.591,3.07,2.68,21.7,81.6,32.2,28.7,0
0.591,2.91,2.94,14,82.1,29.7,31.5,0
0.577,3.83,3.36,17,86.2,31.4,29.5,0
0.591,2.5,2.32,14.9,85.7,31.5,25.9,0
0.577,3.44,3,19.4,89.2,35.5,25.2,0
0.577,3.6,3.05,19,84.1,31.4,27.5,0
0.591,2.56,2.37,11.2,88,29.6,31.6,0
0.591,2.85,2.34,9.7,89.1,29.8,26.1,0
0.577,3.4,3.15,14.8,86,30.5,30.8,0
0.591,2.37,2.13,12.5,87.5,26.8,23.2,0
0.606,3.91,3.11,25.5,82.6,33.1,29,0
0.585,2.61,2.32,15.5,89.7,33.2,29.4,0
0.585,2.6,2.51,17.6,85.9,31.7,31,0
0.585,2.99,2.96,16.9,84.6,34.4,34.6,0
0.585,3,2.88,11.5,83,34.1,31.1,0
0.6,4.04,3.56,19.9,85.4,30.2,25.7,0
0.585,2.93,2.78,14.7,83.7,32.8,30.7,0
0.6,4.48,4.15,18.5,81.5,31.9,31.7,0
0.585,3.11,2.7,17,84.1,27.3,30.5,0
0.585,2.67,2.5,19.6,78.2,33.8,28.6,0
0.6,3.78,2.83,24.8,86.7,30.4,30,1
0.585,2.84,2.45,17.2,85.4,26.7,27.8,0
0.585,2.91,2.68,13.5,90.4,28.3,27.9,0
0.6,3.56,3.13,17.8,83.3,33.4,28.7,0
0.585,3.43,3.12,17.3,82.5,29.2,29.2,0
0.585,2.63,2.52,17.2,82.7,27.7,25.3,0
0.585,2.55,2.45,16.4,85.3,31,29.9,0
0.585,2.84,2.57,19.3,85.7,28.6,27.7,0
0.585,3.32,2.89,17.3,83.2,32.6,30.2,0
0.585,2.57,2.56,16.1,81.7,31,30.7,0
0.571,3.37,2.95,17.5,84.6,31.2,30.2,0
0.585,2.73,2.6,18.9,84.1,30.6,27.3,0
0.6,4.01,3.63,20.8,85.5,32.1,31.6,0
0.594,3.98,3.61,20.6,81.7,31.6,30.3,0
0.579,2.73,2.63,13.1,82.1,28.6,27.3,0
0.579,2.83,2.55,19.3,89.4,33.2,26.8,0
0.579,3.26,3.01,18.7,82.2,31.7,29,0
0.579,2.89,2.78,15.2,82.8,27.9,32.1,0
0.565,3.36,2.6,20.8,90.3,28.2,29.3,0
0.579,3.11,2.88,17.6,85.9,29.7,33.3,0
0.579,3.41,3.06,16.3,87,30,29.5,0
0.579,2.44,2.59,9.8,90.6,32.4,29.7,0
0.579,2.99,2.77,20.3,86.6,28.8,31.8,0
0.579,2.95,2.35,15.5,88.5,28.7,25.4,0
0.579,2.71,2.76,13.1,83.8,27.7,30.5,0
0.579,2.41,2.17,12.8,89,25.4,28.5,0
0.579,2.5,2.28,13.8,84.5,29.8,23.2,0
0.579,3.04,2.95,17.1,87.2,29.8,25.5,0
0.579,2.98,2.56,14.2,89.7,31.5,25.2,0
0.579,2.65,2.34,11.6,88,27.6,26.5,0
0.579,3.05,2.85,20.9,84.9,31.9,32.6,0
0.579,2.66,2.4,18.2,83.9,30.9,27,0
0.579,2.29,2.07,16.3,90.1,30.6,27.4,1
0.579,2.78,2.56,13.8,85.4,26.6,28.6,0
0.594,3.51,3.1,24.6,83.6,31.7,25.6,0
0.579,2.61,2.32,19,88,25.7,25,0
0.579,2.48,2.35,14.7,89.8,27.4,29,0
0.579,2.82,2.5,14.6,89,27.9,29.5,0
0.573,2.71,2.67,18.3,84.5,29.1,28.7,0
0.573,2.72,2.71,11.8,81.8,32.6,29.7,0
0.588,3.75,3.14,14.4,86.8,32.4,27.2,0
0.573,2.68,2.84,15.5,86.2,29.7,28.5,0
0.573,3.15,2.95,16.5,85.8,30.1,30,0
0.573,2.9,2.77,16.5,82,31,27.5,0
0.588,4.5,3.48,18.8,83.8,28.6,28.2,0
0.573,3.1,2.57,16.1,86,28.4,25.4,0
0.662,3.14,2.68,21.3,81.8,30.7,29.6,0
0.573,2.84,2.57,17,86.5,31.5,28.4,0
0.573,2.76,2.73,14.5,83.8,28.2,28.5,0
0.573,2.84,2.77,16,87.3,30.4,30.6,0
0.573,2.8,2.73,19.9,83,29.9,30.4,0
0.573,2.44,2.15,14.6,87.9,27.4,25.5,0
0.573,2.9,2.68,16.6,85.9,31.2,30.1,0
0.573,2.94,2.8,16.7,83.7,30.5,28.5,0
0.588,3.86,3.28,21.5,83.6,30.2,24.7,0
0.573,2.51,2.62,15.7,81.3,28.5,30.5,0
0.573,2.91,2.9,12,84.1,30.2,31.9,0
0.588,4.54,3.78,18.2,78,34.9,31.2,0
0.573,3.33,2.68,15.7,88.4,27.3,28.5,0
0.573,2.96,2.54,15.1,88,30.1,25.9,0
0.588,3.83,3.54,18,82.5,30.6,28.7,0
0.573,2.99,2.78,13.5,83.4,29.5,27.9,0
0.573,2.4,2.63,16.4,81.2,29.7,30.5,0
0.573,3.09,2.4,15.8,89.6,33.2,25.3,1
0.588,4.33,3.6,22,85.9,33,32.9,0
0.567,2.73,2.38,15.2,87.9,29.9,29.4,0
0.567,2.96,3.16,15.5,83,29.5,27.2,0
0.554,3.87,3.4,20,85.2,32.2,28.4,0
0.581,3.59,3.38,18,82,30.1,28,0
0.567,2.55,2.44,20.1,84.5,30.7,31.6,0
0.567,2.76,2.61,16.4,85.4,29.6,30.8,0
0.567,2.99,2.46,14.5,91.3,32,27,0
0.567,3,2.78,16,85.7,34.3,29.3,0
0.567,2.94,2.98,17.9,83.2,30.1,30.6,0
0.581,3.93,3.8,21.4,81.6,31.9,31.6,0
0.567,2.88,2.78,18.8,85.6,32,30.4,0
0.567,2.54,2.34,15.4,84.1,27.7,28.6,0
0.567,2.95,2.93,16.3,85.1,30,31.7,0
0.581,4.03,3.36,16.7,88.3,28.2,30.2,0
0.581,3.34,2.59,18.2,82.5,30.5,27.8,0
0.581,3.6,2.93,13.8,82,31.1,28.8,0
0.567,2.55,2.67,17.3,82.3,29.7,29.7,0
0.567,2.82,2.72,13.6,84.9,29.4,34.7,0
0.581,3.84,3.41,18.2,80.7,29.3,29,0
0.567,2.65,2.7,16,84.1,30,29.3,0
0.567,2.96,2.71,13.8,87.2,26.2,26.1,0
0.567,2.82,2.39,15,85.3,29.9,22.9,0
0.567,2.67,2.56,16.6,84.5,29.2,28,0
0.575,4.13,3.61,18.9,84.2,32.4,29.9,0
0.657,3.47,2.77,19.8,84,31.1,30.9,1
0.561,3,3.12,14.4,84.4,31.6,27.6,0
0.561,3.05,3,15.7,80,32.5,28.9,0
0.561,2.82,2.71,15.2,83.3,31.2,29.8,0
0.657,3.37,2.71,16.6,85.2,32.2,31.3,0
0.561,2.66,2.76,12.7,82.7,28,30.2,0
0.561,3.07,3.06,16.4,83,28.8,30.1,0
0.575,3.39,2.96,18.7,83.2,29.7,30.4,0
0.561,3.1,2.85,14.7,86,28.8,27.9,0
0.561,2.96,2.88,15.6,84.5,31.4,32,0
0.575,3.81,3.24,18.8,81.8,31.2,27.6,0
0.575,3.46,3.01,19.1,85.3,28,27.1,0
0.561,3.13,3.13,16.6,84.3,31.2,29.9,0
0.561,2.77,2.77,18.2,86.6,27.7,28.5,0
0.561,2.68,2.72,9,84.4,28.9,27.8,0
0.561,2.89,2.54,12,88.2,25.5,33.3,0
0.561,2.93,2.87,15.5,83.4,30,32.6,0
0.561,2.67,2.46,14.6,93.1,27.1,28,0
0.561,2.73,2.68,16,83.3,27.1,29.9,0
0.575,3.95,3.83,18.3,78.5,28.6,29.5,0
0.575,4.11,3.73,23.1,82.8,27.1,33.2,0
0.561,2.5,2.22,13.2,89.1,27.5,25.9,0
0.561,3.07,2.78,17.7,84.8,27.9,26.3,0
0.561,2.82,2.8,12.4,86.3,28,27.4,0
0.569,4.7,4.19,17.4,85.7,31.6,33.7,0
0.555,2.9,2.87,21,81.3,30.3,30.5,0
0.569,4.04,3.44,17,81.8,30.5,27.6,0
0.555,2.95,2.79,19.6,83.9,30.5,31.4,0
0.555,2.77,2.73,12,87.5,29.6,29.8,0
0.569,3.95,3.65,20,77.6,30.9,27.8,0
0.542,3.21,3.37,17.1,85.6,30.6,35.1,0
0.555,2.82,2.85,14.2,83.8,30.7,33.2,0
0.555,2.82,2.72,14.1,84.4,31.7,30.4,0
0.555,3.1,3.2,15,79.2,32.7,28.4,0
0.555,3.44,3.28,16.8,84.2,34.6,26.9,0
0.555,2.39,2.33,15.1,88.6,31.7,29.8,0
0.569,3.51,3.09,21.9,79.8,27.7,30,1
0.555,2.7,2.37,16.4,86.3,27.2,26.4,0
0.555,2.61,2.21,15.2,90.2,27.6,27.1,0
0.555,2.33,2.41,14.7,86.5,27.1,25.6,0
0.555,2.89,2.56,15.2,88.6,28.5,27.4,0
0.555,2.63,2.65,15,85.8,27.2,28.5,0
0.555,2.41,2.6,13.8,80.4,30.7,29.6,0
0.555,2.52,2.13,11.6,87.7,26.2,30,0
0.555,2.65,2.65,13.3,84.9,28.6,27,0
0.549,2.91,3.06,21.2,87.6,29.6,32.7,0
0.652,3.42,3.07,15.3,85.1,32,30.2,0
0.549,3.1,3.21,19,82.9,28.3,30.6,0
0.549,3.37,3.29,17.1,81.9,30.8,30.3,0
0.563,4.09,3.5,21.3,82.8,28.3,29.4,0
0.549,3.23,3.02,16.3,86.1,28.8,32.4,0
0.549,2.45,2.48,15.3,84.9,28.7,28.9,0
0.549,2.66,2.66,15,88.9,29.8,30.2,0
0.549,2.55,2.72,14.2,86.3,27.9,33.2,0
0.549,2.5,2.4,10.5,89.4,29.2,27.4,0
0.549,3.06,2.84,15.9,85.9,30.2,28.4,0
0.549,2.83,2.78,9.7,90.5,27,28.5,0
0.563,4.09,3.55,19.9,79.5,29.4,33.2,0
0.563,3.94,3.54,19.2,85.6,28.2,29.1,1
0.549,2.95,2.74,14.1,84.8,25.5,26,0
0.563,3.63,2.96,22.5,85.4,28.9,23.8,0
0.549,2.74,2.79,19.9,83.8,29.4,33.5,0
0.549,3.15,2.98,20.3,82,32.6,31.9,0
0.549,2.43,2.65,15.4,85.5,27.5,30.8,0
0.549,2.83,2.52,13.5,85.5,27.8,27.4,0
0.549,2.91,2.9,14.4,84,29.7,25.9,0
0.549,2.62,2.6,14.9,83.7,28.5,26,0
0.549,2.61,2.59,14.9,87.3,25.1,29.6,0
0.543,2.77,3.02,19.7,81.9,28.9,33.4,0
0.543,2.49,2.66,12.3,84.5,28.2,30.8,0
0.543,2.96,3.28,12,81.8,29.2,30,0
0.645,3.29,2.77,18.1,85.7,31.4,28.7,0
0.556,4.43,3.94,21.4,80,34.6,31.4,0
0.543,2.61,2.4,18.3,90.7,27.5,30.7,0
0.543,2.73,2.76,19.7,80.3,31.6,29.7,0
0.543,2.84,2.96,18,81.8,30.1,33.4,0
0.543,2.57,2.72,14.3,83.7,29.2,31.4,0
0.556,3.41,3.11,15.7,83,29.8,29,0
0.543,2.85,2.49,13.9,85.7,30.1,24.9,0
0.556,3.98,3.56,18.8,86.7,30.1,26.5,0
0.543,2.56,2.73,18.1,80.2,30.5,31,0
0.543,2.57,2.28,9.9,87.9,26.5,31.2,0
0.543,2.7,2.54,10.7,84.8,28.4,26.5,0
0.543,2.7,2.45,9.4,87,29.1,28.8,0
0.537,2.43,2.66,16.6,84.8,31.5,29.6,0
0.55,4.28,3.81,19.9,82.6,30.2,34,1
0.55,3.95,3.68,20.3,83.1,33,27.4,0
0.537,2.83,2.71,18.9,84.8,31.6,28.6,0
0.537,2.68,3.01,13.7,86.6,26.3,31.4,0
0.55,3.49,3.39,14.3,86.1,30.7,27.5,0
0.537,2.85,2.82,14.3,86.5,28,28.6,0
0.537,2.94,3.02,13.2,87.6,31.2,28.5,0
0.537,2.52,2.78,13.2,85.2,29,29.4,0
0.55,3.85,3.34,20.4,79.3,30.2,31.6,0
0.537,2.52,2.51,15.2,84.8,27.5,28.9,0
0.537,2.59,2.82,16.3,81.4,31.5,28.5,0
0.524,4.02,4.05,17,81.5,34,34.4,0
0.537,2.56,2.66,18.8,84.2,28.6,32.1,0
0.524,3.3,3.13,15,83.6,31,25.9,0
0.55,4.31,4.3,24.5,82.3,31.7,32.6,0
0.537,2.9,3.02,17.5,85.9,31,29.6,0
0.537,2.59,2.74,14.7,88.9,27,26.9,0
0.537,2.61,2.84,19.3,81.1,29,28.9,0
0.537,2.8,2.98,16.2,80.6,30.8,31.2,0
0.537,2.94,2.88,12.4,84.7,26.1,28.7,0
0.537,2.79,3.15,14.8,82.5,32.8,34.7,0
0.55,3.61,3.2,18.9,84.7,31.4,26.8,0
0.55,3.89,3.16,21.6,83.6,31.4,28.6,0
0.537,2.77,3.04,14.6,84.9,28.8,26.7,0
0.55,3.5,3.29,19.1,82.2,30,30,0
0.537,2.4,2.38,17.8,89.8,26.8,25.5,0
0.537,2.76,2.59,14.6,87.8,28.2,28.3,0
0.53,3,3.11,14.8,81.1,29.9,31,0
0.544,4.13,3.5,22.9,81.9,29.4,27.1,1
0.518,3.67,3.56,14.5,83.3,33,29.8,0
0.518,3.99,3.54,19.7,82.7,31,29.4,0
0.518,3.83,3.81,18,82.4,30.7,32.7,0
0.544,4.34,4.36,21.2,81.3,28.5,35.7,0
0.518,3.02,2.86,14.9,86.9,30.3,29.3,0
0.544,4.29,3.85,18.4,84.1,31.8,31.5,1
0.544,4.06,3.91,24.8,76.2,34,30,0
0.53,2.77,2.74,10.9,86.7,26.8,30.3,0
0.53,2.6,2.49,16.2,81.4,29,28.6,0
0.53,2.67,2.61,16,85.9,29.6,29.9,0
0.544,3.61,3.24,14.5,85.8,31.2,28.6,0
0.53,2.88,2.78,18.3,84.2,30.2,27.7,0
0.53,2.87,2.54,16.1,87.8,27.8,26,0
0.544,3.95,3.4,23,80.7,29,24.8,0
0.53,2.89,2.55,18.9,89.7,30.1,22.8,0
0.544,3.21,2.95,15.2,86.5,33.1,25.4,0
0.53,2.99,2.89,14.8,85.3,32.1,28.3,0
0.53,2.59,2.8,15.2,89.1,30.4,28.3,0
0.53,2.52,2.55,13.6,88.8,25.5,31.7,0
0.544,3.64,3.29,18.4,81.2,32.2,29.9,0
0.53,2.74,2.61,15.4,87.9,27.4,28.7,0
0.544,3.01,3.13,20.3,82.8,30.2,31.1,0
0.544,3.43,3.15,20.4,81.7,29.2,26.7,0
0.623,3.2,2.84,17.5,85.3,31.9,29.7,0
0.538,4.31,3.9,22.6,85.8,30.2,32.4,0
0.524,2.55,2.68,12.8,92,30.7,30.8,0
0.538,4.39,4.36,22.9,81.8,32.4,34.9,0
0.524,2.48,2.78,15.8,85.1,26.2,32,0
0.538,4.39,4.36,22.9,81.8,32.4,34.9,0
0.524,2.43,2.45,17.8,86.6,31.1,25.9,0
0.512,3.99,3.54,16.7,86.5,31.8,31.9,0
0.538,3.85,3.55,23.4,84.9,29.8,28.7,0
0.524,3.15,2.82,20.2,84.3,30.8,31.6,0
0.538,3.56,3.48,14.8,84.2,28.4,29.5,0
0.538,3.74,3.6,18.9,78.4,31.1,29.8,0
0.538,3.89,3.6,21.4,77.7,30.8,27.3,0
0.524,2.62,2.46,12.5,88.1,32.2,26.5,0
0.524,3.22,3.33,21.9,82.6,33,30.7,0
0.524,2.99,3.04,16.3,83.5,33.3,29.3,0
0.524,2.39,2.7,14.7,85.8,29.9,27.6,0
0.524,2.56,2.46,9.4,86.7,26.1,29.3,0
0.506,3.32,3.29,16.3,84.7,31.3,27.2,0
0.531,3.76,3.45,18.2,85.5,30.1,29.6,0
0.518,2.57,2.68,18.2,83.4,31.1,33.6,0
0.531,3.65,3.65,16.7,84.2,31,30.6,0
0.518,2.8,2.94,14.6,82.5,28.4,32.8,0
0.531,4.09,3.81,21.1,82.1,32,33.6,0
0.518,2.78,2.98,14.7,78.4,28.1,32.5,0
0.531,3.51,3.11,16.8,83,30.8,27.8,0
0.531,3.44,3.35,17.6,84.5,28.3,26.6,0
0.518,2.6,2.99,13.5,79.3,28.8,31,0
0.531,3.73,3.63,16.7,87.1,30.4,29.7,0
0.531,3.54,3.81,14.4,80,29.9,32.2,0
0.518,2.88,3.07,12.4,83.3,33.2,34.8,0
0.518,2.68,2.7,13.4,86.8,28.1,28.5,0
0.506,3.36,3.31,18.4,87,29,33.8,0
0.518,2.99,2.84,13.5,84.2,28.4,32.8,0
0.531,3.49,3.34,21.7,80.7,29.8,30,0
0.531,3.51,3.49,19.9,80,32.3,30.9,0
0.531,3.71,3.31,21.1,82.3,30.6,31.9,0
0.518,2.78,2.93,16.7,82.8,28,28.7,0
0.518,2.6,2.49,7.7,87.3,27.2,26.9,0
0.525,4.15,3.78,20,83.7,29.6,28.7,0
0.512,2.76,2.59,15.5,89.9,26.8,30,0
0.512,2.83,3.39,10.8,79.9,27.2,30.5,0
0.512,2.22,2.46,16.8,84.9,24.4,28.6,0
0.512,3.48,3.41,18.3,84.3,29.4,34.3,0
0.512,2.71,3.07,15.1,81,27.9,35.9,0
0.512,2.61,2.91,14.9,84,27.6,29.5,0
0.525,4.06,3.83,15.8,88.8,27.8,30.4,0
0.512,2.65,2.63,14.9,85.4,26.4,26.1,0
0.512,2.63,2.96,13.4,84.4,33.6,31.1,0
0.512,2.67,2.82,13.1,84.9,30.7,30.1,0
0.512,2.7,2.95,14.7,81.2,30.1,30.1,0
0.512,3.26,3.55,17.2,75.3,32.5,34.8,0
0.525,3.38,3.44,15.5,82.1,33.3,29.2,0
0.5,3.36,3.14,17.6,84.7,29.9,30.5,0
0.525,3.59,3.7,16.3,84.4,30.2,33.3,0
0.512,2.59,2.72,21.1,78.2,29.4,30.3,0
0.519,3.64,3.74,17.3,80.7,27.9,29.7,0
0.506,2.93,2.96,14.2,88.6,30.1,30.7,0
0.506,2.55,2.74,15,84,30.5,30.7,0
0.519,3.86,3.74,20,80.2,30,33.1,0
0.519,3.78,3.64,17.7,80,31.4,32.3,0
0.506,2.56,2.84,18.7,83.8,31.3,29.5,0
0.519,3.69,3.49,19.1,83.5,29.2,29.5,0
0.585,3.14,3.03,24.5,85.9,29.6,32,0
0.519,3.69,3.6,15.4,83.2,30.8,30.7,0
0.506,2.5,2.76,11.7,86.3,31.2,30.9,0
0.519,3.49,3.33,15.9,87.7,29.7,33.8,0
0.506,2.88,2.91,12.8,86.1,29.5,27.4,0
0.494,3.8,3.8,15.3,81,29.8,31.8,0
0.506,2.33,2.63,13.6,85.4,30.8,28.4,0
0.506,2.6,2.82,18,83.8,29.3,28.5,0
0.506,2.74,3.09,15.9,79.1,33.9,28.9,0
0.506,2.78,3.12,14.9,79.3,31,29.3,0
0.506,2.73,3.06,14.3,79.2,28.9,28.1,0
0.506,2.8,3.05,14.9,85,29.4,33.1,0
0.506,2.62,2.51,20.1,86.1,28.4,31.7,0
0.506,2.73,2.82,13.8,86.4,29.6,28.3,0
0.506,2.39,2.37,14.2,89.1,26,27.6,0
0.519,3.53,3.36,20.4,83.2,28.2,30.6,0
0.506,2.35,2.44,10.4,86.5,29.3,24.9,0
0.506,2.65,2.77,14.2,80.4,28.7,27.5,0
0.494,2.77,2.77,12.2,84.6,27.3,33.4,0
0.519,2.88,2.75,19.5,85.8,29.2,30.9,0
0.506,2.29,2.23,11.5,86.9,24.2,29.1,0
0.506,2.77,2.89,13.6,83.2,26.7,28,0
0.5,2.59,2.93,14.7,83,28.6,32.3,0
0.513,3.69,3.7,18.3,82.3,30,28,0
0.5,2.63,2.84,12,85,30.5,29.4,0
0.594,2.58,2.52,19.1,82,30.6,31.6,0
0.5,2.94,3.41,12.4,80.2,31.5,32.5,0
0.513,3.88,3.84,14.9,80.5,34,30.7,0
0.513,3.69,3.71,14.5,80.9,27.7,31.1,0
0.513,3.75,3.54,20.4,81.8,31.8,30.5,0
0.488,3.24,3.49,15.3,84.2,31.8,29.6,0
0.513,3.79,3.59,19.3,84.9,30,27.2,0
0.5,2.73,2.77,13.3,86.3,27.7,27.1,0
0.5,2.6,2.44,11.7,88.8,28,25.9,0
0.513,3.49,3.51,22.4,80.1,31,27.8,0
0.513,4.24,4.08,20,85,31.9,30.3,0
0.513,3.89,3.93,18.2,84.6,32.1,32.9,0
0.5,2.59,2.89,15.3,85.3,30.5,32.4,0
0.488,3,3.15,13,80.3,25,28.4,0
0.513,4.45,4.31,23.9,83.4,28.8,29.6,0
0.494,2.95,3.27,15.7,82.7,28.3,30.2,0
0.596,3.19,2.84,20.4,88.1,33.3,29.3,0
0.494,2.09,2.52,11,84.7,28.6,26.2,0
0.506,3.23,3.23,14.4,90.1,29.6,26.4,0
0.579,3.39,3.17,19.5,80.3,32.9,31.9,0
0.506,3.99,3.95,18.2,79.9,31.3,31.1,0
0.494,3.07,3.01,14.8,85.2,30.7,31.2,0
0.494,2.02,2.65,13.6,83.9,26.5,31.4,0
0.494,2.43,2.62,16.5,85.3,29.5,30.6,0
0.494,2.5,2.82,14,88.6,32.2,31.6,0
0.494,2.67,3.02,13.9,83.9,29.7,31.7,0
0.494,2.98,3.49,16.7,76.6,31.7,30.3,0
0.494,2.72,2.56,11.8,85.6,30.4,29.5,0
0.494,2.54,3.02,9.5,81.6,26.9,28.9,0
0.506,3.34,3.15,22.5,80.3,30.5,31.5,0
0.494,2.56,3.05,10.3,82.2,30.6,29.8,0
0.506,3.14,3.05,19.5,85.8,29.1,31.2,0
0.579,2.57,2.61,13.8,83.4,32.5,29.9,0
0.506,3.65,3.48,16.3,87.2,30.1,30.4,0
0.494,2.5,2.65,12.9,83.3,28.6,27,0
0.5,4.21,4.48,18.4,82.1,30.4,35,0
0.5,3.4,3.4,16.3,82.7,27.6,30.4,0
0.563,3,2.83,19,81,31.3,32.6,0
0.5,3.7,3.64,17.4,84.1,30,29.9,0
0.5,3.84,3.56,24.3,85.2,29.9,30.6,0
0.488,2.77,3.15,13.2,81.9,29.2,31.9,0
0.5,3.83,3.59,20.4,79.3,28.5,29.8,0
0.488,2.77,3.16,16.1,79.3,28.3,30.8,0
0.488,3.18,3.57,18.8,75.3,31.4,35.6,0
0.488,2.76,3.06,14.5,82.8,29.3,31.4,0
0.588,2.78,2.79,14.3,84.1,29.6,31.2,0
0.488,2.39,3.02,12.3,81.6,27.7,33.2,0
0.488,2.62,2.73,13.7,86.2,28.7,28.2,0
0.476,3.5,3.74,17.1,82.9,28.7,31.7,0
0.5,3.65,3.58,21.8,80.1,30.3,29.4,0
0.5,3.91,3.95,18.5,85,28.7,31.4,0
0.5,4.29,4.2,18.5,75.1,28.9,32.5,0
0.488,2.45,2.73,14.8,83.4,27.9,28.9,0
0.488,2.6,3.09,17.5,80.7,28.9,31.4,0
0.5,3.33,3.48,16.7,86.4,27.1,30.6,0
0.488,2.32,2.56,13.5,85.5,29,27.4,0
0.488,3.01,3.07,16.9,85.4,32.6,31.8,0
0.488,2.66,3.2,14.9,79.7,31.5,32.2,0
0.488,2.27,2.44,13,87.3,26.6,28.6,0
0.5,3.99,4.15,19.2,77.1,32.9,32.5,0
0.488,2.67,3.02,14.7,85.3,31.1,29.8,0
0.488,2.39,2.33,12.3,87,26.1,27,0
0.564,3.33,3.14,20.3,80.9,31.1,34,0
0.494,3.74,3.63,16.5,82.2,30.7,29.1,0
0.482,2.5,3.04,13.4,78.5,28.1,31.6,0
0.564,2.91,3.06,16.6,85.2,31.6,32.4,0
0.482,2.3,2.93,10,84.5,29.7,30.3,0
0.482,2.79,3.3,18,78.9,29.2,31.7,0
0.482,2.46,2.76,16.9,84,29.1,28.1,0
0.482,2.61,3.15,15,78.7,30.4,31.9,0
0.482,2.63,3.18,15.2,81.1,30.9,30,0
0.482,2.71,3.17,13.6,75.9,30.5,29.7,0
0.47,3.62,3.67,14.1,83.9,33.3,33.7,0
0.482,2.39,3.06,16.5,82.2,29.4,30.1,0
0.482,2.94,2.93,16.1,82.8,30.1,27.1,0
0.494,3.64,3.74,19.8,79.4,27.8,32.9,0
0.482,2.41,2.98,11.5,82.1,28.5,30.6,0
0.482,2.46,2.83,10.2,85.2,26.1,27.4,0
0.494,3.51,3.66,20.9,83.3,29.3,29.6,0
0.494,3.4,3.3,16.1,81.7,31.2,28,0
0.482,2.61,3.04,15.3,83.5,28.5,30.7,0
0.482,2.45,2.68,13.7,84.3,26.9,27.3,0
0.482,3.39,3.39,13.6,85.7,30.1,30.2,0
0.482,2.52,2.76,10.1,87,27.8,28.6,0
0.476,2.79,3.2,12.4,81.2,33.4,32.1,0
0.476,2.7,3.35,13.6,80.3,30.3,31.1,0
0.488,3.55,3.44,13.4,83.2,30.3,29.1,0
0.565,3.25,3.1,22.5,82.8,31.2,33.3,0
0.476,3.35,3.55,16.8,81.9,29.4,33.7,0
0.488,3.5,3.45,19,80.2,31.8,30,0
0.565,3.3,3.25,19,80.7,32.7,32.3,0
0.565,3.07,3.1,13.7,78.9,33.1,31.3,0
0.476,2.54,2.98,13,78.6,27.6,31,0
0.476,2.85,3.01,12.9,83.2,28.7,32.2,0
0.476,2.59,2.88,13.2,81.9,29.6,29.5,0
0.488,3.25,3.43,18.4,81.2,27.2,28.8,0
0.476,2.56,2.63,12.3,87.7,26.5,24.6,0
0.476,2.48,2.7,13.5,85.5,27.7,26.1,0
0.488,3.44,3.56,17,78.1,29.1,28.1,0
0.476,2.43,2.82,22.8,78.9,30.4,34.3,0
0.476,2.61,2.96,13,88,26.1,29.4,0
0.476,2.8,2.76,12.1,84.2,29.2,27.1,0
0.476,2.95,2.99,12,86.5,25.7,29.2,0
0.488,3.15,3.33,18.3,82.2,28.4,28.4,0
0.488,4.01,3.96,21.6,79.8,28.6,33.1,0
0.476,2.7,3.26,17.6,80.8,29.2,33.8,0
0.476,2.56,2.82,13.9,83.3,30.1,29.6,0
0.476,2.15,2.55,15.6,83.2,24.5,30.7,0
0.476,2.52,2.61,11.6,91.8,28.5,29.7,0
0.488,3.8,3.94,18.9,77.3,32.1,33.8,0
0.476,2.49,2.8,11.4,82.3,28,30,0
0.476,2.56,2.78,10.5,84.6,28.1,28.7,0
0.488,3.93,3.98,20.8,78.4,28.6,30.3,0
0.802,3.1,2.02,13.3,90.8,31.1,26.2,1
0.558,3.16,3.14,18.5,78.6,30.1,30.7,0
0.47,3.13,3.33,14.2,84.3,28.1,30.2,0
0.47,2.79,3.13,14.4,79.8,29.2,29,0
0.481,3.11,3.34,14.1,86.4,31.5,27.3,0
0.47,2.46,2.9,12.9,86.8,26.8,28.6,0
0.47,2.89,3.16,15.6,82.5,30.4,33.7,0
0.47,2.78,3.21,19.1,83.4,31,35.3,0
0.481,3.65,3.88,21.5,81.3,31.4,29.8,0
0.47,2.65,2.77,17.8,87.8,25.4,30.2,0
0.47,2.46,2.85,11.7,81.9,28.4,34.1,0
0.47,2.76,2.85,13.1,85.3,29.2,25.8,0
0.47,3.04,3.37,12.5,82.4,30.2,33.9,0
0.481,3.04,3.06,17.1,81.3,31.5,26.9,0
0.47,2.57,3.12,15.5,80.8,30.1,29,0
0.481,3.63,3.58,16,81.1,30.7,30.3,0
0.47,2.51,2.85,12.1,82.3,25.8,32.7,0
0.475,3.55,3.64,16.8,84.9,32.1,30.3,0
0.463,3.05,3.4,16.5,79.5,28.1,32.7,0
0.463,2.56,3.48,12.9,83.5,28.9,33.5,0
0.475,3.91,3.81,18.4,80.5,30.2,31.1,0
0.463,2.6,3.02,14.1,82.1,29.1,31.1,0
0.452,3.3,3.48,11.4,81.9,28.6,30.6,0
0.463,2.52,3.24,13.3,82.5,25.8,33.9,0
0.475,3.48,3.68,18.6,82.3,28.6,30.3,0
0.475,3.41,3.73,15,82,28.9,29.4,0
0.475,3.84,4.04,15.9,84.3,30.9,32,0
0.463,2.78,3.1,13.4,81.3,34.1,32.9,0
0.475,3.15,3.34,15.4,81.4,28.6,28.7,0
0.463,2.7,3.27,15.7,82.3,32.9,33,0
0.463,2.24,2.6,16.8,86.1,29.7,29.8,0
0.475,3.61,3.76,16.4,79.3,31.1,30.1,0
0.463,2.1,2.55,8.3,84.1,29.2,26.2,0
0.469,3.58,3.69,17.7,84.4,28.7,25.7,0
0.469,3.8,4.09,22.9,79.7,32.4,33.3,0
0.469,4.23,4.21,18.1,79,29.7,31,0
0.457,2.61,2.82,12.7,87,28.9,26.4,0
0.457,2.24,2.55,11.6,89.5,27.7,26.9,0
0.457,2.76,3.12,14.6,88.3,29.7,31.5,0
0.469,3.15,3.41,13.6,84.4,29.1,28.7,0
0.457,2.27,2.91,12.6,82.7,28.2,32.5,0
0.469,3.88,4.21,21.3,79,31.9,31.2,0
0.469,3.79,3.86,23.4,82,30.1,30.8,0
0.469,4.18,4.31,23.6,80.3,29.4,33.4,0
0.457,2.27,2.78,9.5,84.6,28.5,27.1,0
0.457,2.29,2.7,12.9,88.2,27.7,34.5,0
0.451,2.62,3.37,12.4,83.8,27.4,33.7,0
0.451,2.44,2.67,10.6,87.2,26.5,27.6,0
0.463,3.89,4.16,20.9,76.7,31.8,31.6,0
0.529,2.71,2.61,16.8,85.3,31.7,32.4,0
0.463,3.14,3.16,15.6,82.8,30.5,28.3,0
0.451,2.32,2.99,16,85.7,29,31.2,0
0.451,2.52,2.83,17.6,84.1,26.7,30.7,0
0.451,2.65,3.01,11.2,88.4,31.4,28.8,0
0.451,2.73,3.32,14.8,80,29.2,33.7,0
0.451,2.76,3.46,13.5,83.9,26.4,31.6,0
0.463,3.61,3.74,20.2,80.4,32.5,32.3,0
0.463,3.7,3.81,18.6,80.2,30.9,30.9,0
0.463,3.9,3.96,14.4,82.3,30.7,27.8,0
0.463,3.63,3.91,23.9,70.2,29,30.7,0
0.451,2.56,3.21,11.8,76,32.6,29.8,0
0.463,4.1,4.09,20.2,79.2,29.8,29.5,0
0.451,2.78,3.15,12.4,85.6,30.6,32.1,0
0.451,2.23,2.51,12,83.3,28.2,27.5,0
0.445,3.01,3.2,13.4,86.1,28.5,35.5,0
0.445,2.39,2.98,12.6,82.6,27.7,28.6,0
0.445,2.61,2.91,11.6,86.4,31.4,28.5,0
0.456,3.83,4.1,21.7,77.6,31.2,29.4,0
0.445,2.66,3.16,17.4,80.8,30,32.2,0
0.456,3.51,3.6,21.2,79.3,29.5,33.5,0
0.456,4.25,4.68,16.7,78.5,32.3,32.7,0
0.456,2.98,3.45,15.9,81.8,28.9,27,0
0.456,3.78,4.31,20.3,75,32.6,30.7,0
0.445,2.74,3.15,14.9,88.1,29.4,32,0
0.456,3.49,3.5,26.6,84.4,28.1,31.4,0
0.456,3.14,3.79,18.3,76.4,30.7,29.9,0
0.445,2.34,2.43,11.6,88.2,27.8,26.7,0
0.445,2.59,3.1,15.4,81,30.4,31.9,0
0.445,2.66,3,14.2,84.9,29.5,29.8,0
0.456,3.05,3.46,15,79.1,28.1,34.2,0
0.445,2.61,2.91,15.5,82.4,28.1,29.2,0
0.445,2.4,2.88,12.4,80.7,27.2,27.1,0
0.456,3.79,3.9,19.1,77.3,27.4,29.6,0
0.445,2.38,2.9,12.3,85.9,23.8,28,0
0.445,2.56,3.02,13.2,79.5,30.7,27.7,0
0.75,3.38,2.48,22.9,80.8,30,29.2,0
0.439,3.05,3.54,14.6,82.5,28.6,31.4,0
0.514,2.97,3.06,11.5,85,31.8,35.1,0
0.45,3.94,4.36,18.7,79,30.8,32.2,0
0.45,3.98,4.49,16.1,76.6,29,33.6,0
0.45,3.34,3.45,18.5,86.3,29.8,29.1,0
0.439,2.67,3.3,13.8,88.2,30.3,31.6,0
0.45,3.71,3.63,18.3,78.4,30.3,29.5,0
0.45,4.15,4.54,21.6,78.8,32.1,33.2,0
0.439,2.33,2.71,11.2,86.1,30.4,31.8,0
0.439,2.57,2.85,12.6,82.9,28.6,29.5,0
0.45,3.63,3.88,14.2,77.7,32,33.9,0
0.439,2.32,2.67,11.3,87.6,28.6,28,0
0.423,2.73,2.99,10.9,85.1,28.6,31.1,0
0.444,3.66,3.95,17.9,75.9,30.3,30,0
0.433,2.34,2.99,13.1,86.1,26.7,29.7,0
0.433,2.76,3.21,16.4,81.6,28.6,32,0
0.433,2.7,3.24,16.9,84.3,28.7,28.2,0
0.5,2.93,3.1,15.1,81.5,34.1,31.1,0
0.433,2.43,3.16,10,78.3,28.8,31.4,0
0.433,2.38,3.06,10.2,85.3,26.8,29.4,0
0.433,2.23,2.67,17.1,85.8,30.8,27.3,0
0.423,2.67,2.99,9.5,84.8,29.8,27.3,0
0.433,2.59,2.74,12.3,88.8,25.8,28.8,0
0.444,3.63,3.71,15.4,84.5,30.9,31.8,0
0.433,2.52,3.15,18.8,76.8,32.8,32.3,0
0.433,2.56,3,9.1,88.5,26.3,26.7,0
0.433,2.32,2.84,12.6,81.5,25.4,30.2,0
0.444,4.03,4.59,24.1,79.6,34.3,33.6,0
0.729,3.75,2.44,20.9,88.8,32.7,25.1,0
0.438,3.58,3.99,13.9,83.2,30.1,32.4,0
0.438,3.58,3.99,13.9,83.2,30.1,32.4,0
0.427,2.43,2.95,15.6,83.1,29.1,31.1,0
0.438,3.98,4.26,21.1,75.7,30.9,31.1,0
0.427,2.33,3.15,13.2,80.4,27.8,34.1,0
0.438,3.7,3.93,17.9,78,30.7,32.6,0
0.427,2.51,3.06,12.8,80.9,29.9,32.2,0
0.427,2.46,3.02,11.9,82.2,26.2,29.3,0
0.427,2.93,3.05,11.3,87.8,26.7,30.3,0
0.427,2.8,3.66,11,81.6,29.8,35.1,0
0.427,2.85,3.35,13,83.1,28,33.3,0
0.438,3.6,4.04,12.7,80.1,28.3,31.1,0
0.427,2.51,2.83,15.4,83.7,26.2,28,0
0.427,2.43,2.93,9.9,88,27,30.5,0
0.427,2.2,2.94,12.8,81.9,27.8,31.4,0
0.438,3.23,3.48,17.8,85.1,31.4,32.4,0
0.438,3.2,3.51,13.4,76.5,29.1,29.2,0
0.438,3.58,3.96,15.2,76.4,29.3,31.6,0
0.427,2.15,2.89,11.5,83.4,27.2,33.2,0
0.421,2.32,3.09,13.2,81.1,28.8,29,0
0.421,2.3,2.71,9.8,89.4,28.3,30,0
0.431,3.39,3.83,18,78.5,29.9,29,0
0.431,3.73,4.04,19.4,78.1,29.1,28.9,0
0.431,3.35,3.98,19.1,82,27.5,30.2,0
0.421,2.37,2.89,7.8,87.9,27.7,28.7,0
0.431,3.55,4.1,20.2,83.9,29.3,35.7,0
0.421,2.17,2.94,11.5,77.6,27.7,31.8,0
0.421,2.34,2.93,12.4,82.7,30.7,30.5,0
0.421,2.13,2.41,9.1,87.3,26.1,27.5,0
0.421,2.6,3.21,15.1,88.3,26.1,32.2,0
0.421,2.41,3.04,11,85.2,27,29.2,0
0.421,2.39,2.8,11.9,87.6,24.6,28.2,0
0.431,3.76,4.03,20.8,79.9,28.4,30.8,0
0.421,2.17,2.67,11.9,87.6,26.6,30.8,0
0.421,2.51,3.05,11.8,80.9,29.5,29.2,0
0.415,2.44,2.66,15,86.7,29,26.1,0
0.415,2.93,3.71,13.3,83.2,30,30.4,0
0.493,2.8,3.12,13.3,77.3,29.3,31.1,0
0.415,2.8,3.33,12.9,85.4,29.3,34.4,0
0.425,3.46,3.89,18.1,80.7,30.7,31.6,0
0.425,3.98,4.49,18.8,80,30.8,32.1,0
0.415,2.51,3.13,11.7,83.1,29.2,33.5,0
0.415,2.7,3.5,14.3,78.7,29.2,31.8,0
0.425,3.21,3.61,18.7,81,30.6,28.6,0
0.493,2.68,3.25,13.7,86.4,30.7,32.7,0
0.425,3.66,4.13,20,78.9,28.4,31.8,0
0.425,3.2,3.33,18.1,82.5,32.1,28.3,0
0.415,2.72,3.38,17,79.3,31,29.8,0
0.415,2.05,2.56,5.9,88.2,24.6,28.1,0
0.415,2.4,2.82,14,85.4,25.3,28,0
0.425,3.18,4.01,18.3,76.8,28.8,34.9,0
0.415,2.29,2.99,12,84.4,26.5,30.6,0
0.409,2.57,3.44,13.3,79.5,28.3,30.1,0
0.419,2.93,3.68,16.2,82.9,30.3,31.1,0
0.472,2.56,3.17,12,81.7,29.7,32.1,0
0.409,2.43,3.26,12.2,83.6,26.9,32.9,0
0.409,2.67,3.46,14.2,77.9,30.7,33.1,0
0.409,2.61,3.27,9.5,88.6,29,33.9,0
0.419,3.26,3.66,16.9,75.7,28.4,29.6,0
0.409,2.65,3.07,8.4,88.1,27.7,27.8,0
0.688,2.79,2.4,17.8,84.6,28.1,27.9,0
0.402,2.29,3.2,7.8,79,29.9,31.1,0
0.413,3.53,3.93,20.2,79.1,29.7,28.5,0
0.413,3.6,4,20.1,79.1,30.1,31.1,0
0.393,3.5,3.83,18.9,84.6,33,36.3,0
0.413,3.71,4.19,17.3,79.8,32.9,31.4,0
0.413,3.91,4.46,17.5,76.4,28.4,31.5,0
0.413,3.51,4.06,15.1,76.9,31.2,29.9,0
0.413,3.85,4.56,20.1,72,33.5,30.6,0
0.402,2.77,3.41,10.6,82.3,30.1,30.8,0
0.402,2.29,2.99,14.2,83.3,25.9,29.5,0
0.402,3.12,3.68,13.5,84.3,31.4,35.4,0
0.402,2.52,3.28,15.2,79,28.5,32.9,0
0.402,2.44,3,9.4,85.9,26.5,31.2,0
0.677,3.85,2.79,22.6,85.7,30.2,30.3,0
0.396,2.41,3.13,12.9,79.2,29.9,30.9,0
0.406,3.04,3.94,12.5,80.5,30,29.6,0
0.396,2.3,3.11,15.6,84.4,25.4,30.9,0
0.396,2.5,3.18,9.2,84.1,26.6,30.4,0
0.406,3.09,3.54,15,80.8,28.4,29.9,0
0.396,2.55,3.4,9.4,85,30.2,29.5,0
0.406,3.99,4.23,19.8,81.2,31.5,33.3,0
0.406,3.56,3.95,17.9,83.9,31.3,31.2,0
0.4,3.66,4.6,19.2,76,29.5,33.6,0
0.39,2.95,3.67,16.8,81,29.6,35.7,0
0.457,2.53,2.99,16.6,80,33.2,29.7,0
0.4,3.5,3.85,16.1,77.1,30.3,29.1,0
0.4,3.75,4.44,18.8,81.6,29.8,32.3,0
0.4,3.06,3.83,15,77.2,28.8,30.3,0
0.39,2.73,3.33,9.6,86.6,25.5,30.2,0
0.381,3.11,3.63,16.2,81.1,30.3,34.4,0
0.45,2.57,3.21,14.3,88.8,30,30.6,0
0.656,3.04,2.58,19.7,79.8,30.6,26.9,0
0.384,2.32,3.18,9.3,81,27.1,33,0
0.375,2.7,3.43,12.8,80.8,27.6,30.8,0
0.394,3.35,3.83,21.7,78.5,29.9,28.5,0
0.394,3.25,3.6,16.3,86,28.8,31.2,0
0.394,2.71,3.64,15.9,81.1,27.1,30.8,0
0.394,3.93,4.61,18.1,74,32,30.6,0
0.384,2.48,3.12,9.5,82.6,27.8,28.8,0
0.394,3.41,4.23,14.9,71.5,28.5,31.7,0
0.646,2.65,2.21,13.1,90.2,32.4,28.6,0
0.388,3.24,4.28,12.5,75.5,27.1,34.3,0
0.378,2.57,3.39,11.2,86.1,28.8,29.2,0
0.378,2.51,3.39,15.6,80,28.3,33.1,0
0.388,3.69,4.31,21.3,83.3,29.8,35.1,0
0.378,2.16,2.9,11,86.7,27.8,32,0
0.437,2.68,3.35,11.4,82.6,30.6,33.6,0
0.378,2.33,3.17,13.8,79.4,26.7,31.7,0
0.388,3.35,4.01,17.1,76.9,31.2,32.1,0
0.378,2.41,3.39,15.2,81.7,31.2,32.7,0
0.378,2.35,3.37,14.7,78.5,28.4,30,0
0.388,3.15,3.69,21.1,81,28.4,28.3,0
0.635,3.77,3.29,17.2,83.4,29.2,32.9,0
0.381,3.31,4.06,20.6,74.6,30.4,30.8,0
0.635,3.71,2.81,15.5,83.3,29.4,28.3,0
0.381,3.36,4.28,18.5,81.9,28.5,32.6,0
0.372,2.85,3.66,12.9,86.7,29.6,29.6,0
0.372,2.41,3.34,15.3,83.1,28.9,33.5,0
0.381,3.79,4.84,19.8,76.2,29.4,35.4,0
0.381,3.1,3.91,17.8,75,27.3,32.6,0
0.372,2.09,2.93,11.7,83.4,29.4,28.4,0
0.625,2.58,2.38,16.1,86.7,27.8,24.2,0
0.625,3.13,2.75,15.2,81.9,27.4,26.9,0
0.357,2.88,4.01,13.5,80.8,27.9,33.8,0
0.375,2.79,3.63,12.3,80.5,27.1,31.2,0
0.366,2.57,3.52,11.7,80.2,27.9,32.4,0
0.366,2.2,3.05,12.6,82.7,26.9,32.5,0
0.375,3.65,4.65,14,79.6,28.8,35.4,0
0.375,3.3,4.39,20.3,74.3,31.1,34.1,0
0.369,3.75,4.68,18.2,75.5,29.2,31.2,0
0.615,2.73,2.38,19.3,84.5,29.8,25,0
0.369,3.69,4.65,16.3,78.8,31.8,29.9,0
0.615,2.54,2.4,13.9,85.2,28.1,28.9,0
0.369,3.55,5.01,15,73.2,31.2,33.3,0
0.369,3.4,4,14.5,81.9,28.8,30.5,0
0.36,2.45,3.41,9.9,85.1,24.6,31.2,0
0.369,3.53,4.16,17.2,81.9,29.5,30.2,0
0.369,3.86,4.7,16.1,75.5,30.9,31.7,0
0.36,2.27,3.09,17.7,82.3,23.7,31.5,0
0.36,2.29,3.16,11.8,84.8,29.3,30.7,0
0.369,3.21,3.81,20.1,79.8,30,31.6,0
0.345,3.38,4.39,14.4,80.7,26.1,34.1,0
0.354,2.37,2.98,13.8,85.7,26.3,28.4,0
0.354,2.37,3.35,11.6,81.9,26.2,33.4,0
0.354,2.32,3.7,13.9,79.1,24.7,33.2,0
0.354,2.34,3.15,13.4,86.7,23.7,29.4,0
0.354,2.96,3.78,15.8,81.2,28,33.2,0
0.594,3.04,2.71,24.4,79.8,28.1,32.3,0
0.594,3.13,2.65,19.9,88.5,34.4,24.3,0
0.594,3.02,2.67,16.3,88.5,26.3,32.3,0
0.594,2.42,2.33,17.8,87.1,31.8,29,0
0.356,3.89,4.83,15.3,79.2,31.3,34.7,0
0.339,2.92,4.1,15.4,82.5,29.4,33.3,0
0.356,3.01,3.98,15.9,81.8,29.3,32.2,0
0.356,3.23,4.3,18.9,77,29.6,29.3,0
0.356,2.88,4.06,12.2,75.4,26.7,32.8,0
0.348,2,3.11,11.8,84,25,30.1,0
0.348,2.35,3.46,13.1,83.5,28.5,30.6,0
0.356,3.29,4.3,10.5,75,29.6,29,0
0.356,2.99,4,19.9,72.8,25.7,30.8,0
0.583,2.63,2.25,13.1,84.5,30.9,28.2,0
0.583,2.33,2.08,15.3,89.2,33.1,31.3,0
0.341,2.01,3.26,17,78.1,29.2,33.2,0
0.583,2.54,2.29,15.7,83.5,30.1,27.5,0
0.341,2.6,3.62,10.4,88.1,28.8,32.6,0
0.35,3.73,4.75,18.2,75.8,29.1,34.7,0
0.35,3.15,4.24,15.2,76.3,30.9,30,0
0.573,2.46,2.6,17.9,81.5,28.8,27.1,0
0.573,2.4,2.4,12.9,84.7,26.7,29.9,0
0.573,3.4,2.81,17.1,88,30.2,29.3,0
0.573,2.81,2.83,19.9,81.7,30.9,28.2,0
0.338,3.55,4.86,13.5,74.4,30.3,32.6,0
0.329,1.87,3.28,9.8,77.8,24.2,35.6,0
0.329,2.79,3.84,14.8,80.2,28.2,32,0
0.338,3.3,4.33,16.1,79.6,29.7,29.9,0
0.338,3.38,4.39,14.1,77,33.4,28.2,0
0.329,2.49,3.78,12.1,83,25.4,30.4,0
0.329,2.28,3.51,8.2,82.7,24.2,35.5,0
0.331,3.45,4.81,11.1,78.3,28.1,37,0
0.552,3.25,2.4,23.1,87.3,30.1,24.9,0
0.315,2.92,3.95,14.6,76.5,30.2,30.4,0
0.331,2.44,3.8,15.6,74.4,27.8,29.8,0
0.542,2.83,2.52,11.6,83.2,30.1,25.4,1
0.542,2.83,2.5,19,90.5,28.9,24.8,0
0.317,1.83,2.96,12.1,83.2,26.3,34.3,0
0.317,2.26,3.27,9.6,84.3,27.5,29,0
0.325,3.41,4.31,13,80.7,30.1,34,0
0.325,3.19,3.98,13.5,82,27.3,31.8,0
0.531,2.63,2.94,11.7,80.4,28.9,29.7,0
0.531,2.71,2.48,15.7,91.4,26.6,30.4,0
0.531,2.52,2.6,13.6,81.1,30.9,30.6,0
0.319,2.68,3.93,15.8,78.6,28.3,31.7,0
0.319,3.03,4.36,14.4,77.3,31,33.4,0
0.319,2.93,3.85,17,79.9,29.4,28.6,0
0.521,2.81,3.04,14.7,87.6,31.7,31.9,0
0.51,2.75,2.9,19.9,87,29,28.6,0
0.306,3.01,4.53,10.3,78.4,26.3,33.8,0
0.5,2.67,2.94,15.2,82.1,26.3,31,0
0.293,2.01,3.37,11.7,78.5,28.1,31.7,0
0.5,2.46,2.9,9.8,83.2,27.9,33.5,0
0.3,3.16,4.48,16.3,78.9,29.1,32.9,0
0.5,2.29,2.54,11.9,87.6,28.4,23.1,0
0.5,3.19,3.08,15.6,86.4,32.9,29.6,0
0.3,3.11,4.35,14.4,75.7,26.6,31.6,0
0.3,2.44,4.01,7,72.2,25,31.3,0
0.3,2.88,4.23,18.2,75.8,25.7,32.1,0
0.49,2.9,2.79,18.5,86.3,31.9,26.3,0
0.287,3.07,4.35,10.9,80.4,26.1,33.1,0
0.287,2.18,3.56,10.7,85.3,26,32.1,0
0.479,2.4,2.65,10.4,83.8,24.8,28.5,0
0.288,2.95,4.43,12.2,76.1,25.4,35.8,0
0.469,2.56,2.73,19.5,85.7,26.8,32.8,0
0.281,3.26,5.04,15.6,77.5,28.6,35.9,0
0.281,3.21,4.93,18.3,73.2,30.2,32.7,0
0.281,2.73,4.06,11.6,73,28.8,31.5,0
0.268,1.84,3.28,4.8,85.1,25.6,29,0
0.448,2.65,2.94,13.8,81.6,29.8,30.7,0
0.448,2.6,3.08,14.5,81.2,28.7,31.9,0
0.438,2.69,3.35,9.4,84.1,24,31.6,0
0.438,2.65,3.31,12.1,80.1,32.2,32.2,0
0.438,2.67,3.27,18.7,85.4,26.9,29.4,0
0.438,2.83,2.81,12.9,86.2,31.7,28.9,0
0.263,2.63,4.14,21,74.4,27.3,31,0
0.25,2.33,3.55,9.1,79.5,26.9,30.5,0
0.256,2.89,4.38,10.7,76.8,26.4,32,0
0.427,2.27,2.77,14.3,76.3,25.9,27.8,0
0.427,2.96,3.63,13.5,83.3,30.1,34.8,0
0.417,3.06,3.06,16.6,80.7,27.6,30.2,0
0.25,3.33,5.19,18,73.1,28.5,32.9,0
0.244,2.74,4.49,12.6,80.8,29.3,36.3,0
0.275,2,3.73,8.8,76.1,27.1,32.8,0
0.406,3.27,3.69,16.4,86,29.8,32.2,0
0.406,2.38,3.13,12.9,82,29.5,31.4,0
0.238,2.07,3.82,8.9,81.9,25.8,31,0
0.732,3.39,2.18,16.7,89.6,32.7,27.3,0
0.732,3.52,2.36,21.3,83.6,34.6,25.4,0
0.714,3.13,2.39,22,89.2,32,28.2,0
0.705,3.36,2.7,18.4,82.1,34.9,30,0
0.688,3.45,2.77,21.1,81.3,30.1,30,0
0.688,3.36,2.88,19.6,85.2,29.4,28.8,0
0.688,3.32,2.64,15.5,80.6,31.3,27.8,0
0.67,3.21,2.59,20.6,85.8,30.2,28.3,1
0.67,3.21,2.84,15.8,82,28.3,30.4,0
0.652,2.93,2.39,18.1,91,33.3,27.1,0
0.643,3.27,2.75,25.3,83.8,29.9,30.7,0
0.634,2.71,2.23,18.8,86.7,29,28.4,0
0.571,2.7,2.75,16.4,79.1,30,31.3,0
0.563,3.04,2.71,21.1,82.6,29.7,30.6,0
0.563,2.98,2.98,22.6,81.3,29,29.8,0
0.536,3.14,2.77,18.4,87,28.7,29.7,0
0.536,2.79,2.64,21,81.1,30.3,27.1,0
0.527,2.82,2.95,17.9,83.7,31.2,28.2,0
0.518,2.86,3.52,15.6,73.7,30.2,29.2,0
0.491,2.77,2.86,14.3,81.4,30.2,28.2,0
0.491,2.84,3.29,17.7,78.8,29.2,33.7,0
0.482,2.68,3.11,18.5,82,27.5,30.5,0
0.455,2.77,3.38,12.6,83,29.7,32.1,0
0.446,2.64,3.34,14.8,83.1,29.1,33.4,0
0.438,2.54,3.02,17.2,85.5,28.3,31.2,0
0.438,2.61,3.5,11.5,83.2,30,32,0
0.429,2.23,3,8.7,78.7,27.3,31.9,0
0.429,2.39,3.29,13.7,83.5,29,32.4,0
0.402,2.59,3.38,11,73,28.8,31,0
0.384,2.21,3.16,4.9,81.1,26.8,30.6,0
0.33,2.39,3.5,17.5,81.3,28.4,33.7,0
